train_loss,train_accuracy,epoch
0.09707796573638916,0.9888334170334702,0
0.029699036851525307,0.9924374464565301,1
0.026022009551525116,0.9929987297273345,2
