train_loss,train_accuracy,epoch
0.05098964273929596,0.9890385771365935,1
0.03636624664068222,0.991301580566458,2
0.032818254083395004,0.992527374090968,3
