train_loss,train_accuracy,epoch
0.05201572924852371,0.9888971394222269,1
0.03732386976480484,0.991466591233219,2
0.03355495631694794,0.9923977228527987,3
