train_loss,train_accuracy,epoch
0.05106715112924576,0.9886731963744799,1
0.036764685064554214,0.9914312318046273,2
0.032968051731586456,0.9924802281861792,3
