train_loss,train_accuracy,epoch
0.07109696418046951,0.9898378186759623,0
0.026802437379956245,0.9926737762547635,1
0.024210769683122635,0.9933532244246847,2
