train_loss,train_accuracy,epoch
0.088543601334095,0.9893651590794954,1
0.027626987546682358,0.9928510236034386,2
0.024423113092780113,0.9934713893238014,3
